<?xml version="1.0" encoding="UTF-8" standalone="no" ?>
<authorizes>
  <authorize>
  	<appcode>40H50101,40H50101L,40H50101P</appcode>
  	<actions>
       <action>vehicle.vorder.SaveVorderHVOAction</action>
       <action>vehicle.vorder.LoadVorderHVOAction</action>
       <action>vehicle.vorder.CopyVorderHVOAction</action>
       <action>vehicle.vorder.EditVorderHVOAction</action>
       <action>vehicle.vorder.ListVorderHVOAction</action>
       <action>vehicle.vorder.DeleteVorderHVOAction</action>
       <action>vehicle.vorder.PFlowVorderHVOAction</action>
       <action>vehicle.vorder.AddVorderHVOAction</action>
	</actions>
   </authorize>
    <authorize>
        <appcode>*</appcode>
        <actions>
            <action>vehicle.vorder.VorderHVODefaultGridRefAction</action>
        </actions>
    </authorize>
</authorizes>