<?xml version="1.0" encoding="UTF-8" standalone="no" ?>
<actions>
  <action>
    <name>vehicle.vorder.SaveVorderHVOAction</name>
    <label>保存动作</label>
    <clazz>nccloud.web.vehicle.vorder.vorderhvo.action.SaveVorderHVOAction</clazz>
  </action>
  <action>
    <name>vehicle.vorder.LoadVorderHVOAction</name>
    <label>卡片查询动作</label>
    <clazz>nccloud.web.vehicle.vorder.vorderhvo.action.LoadVorderHVOAction</clazz>
  </action>
  <action>
    <name>vehicle.vorder.CopyVorderHVOAction</name>
    <label>复制</label>
    <clazz>nccloud.web.vehicle.vorder.vorderhvo.action.CopyVorderHVOAction</clazz>
  </action>
  <action>
    <name>vehicle.vorder.EditVorderHVOAction</name>
    <label>修改</label>
    <clazz>nccloud.web.vehicle.vorder.vorderhvo.action.EditVorderHVOAction</clazz>
  </action>
  <action>
    <name>vehicle.vorder.ListVorderHVOAction</name>
    <label>列表查询动作</label>
    <clazz>nccloud.web.vehicle.vorder.vorderhvo.action.ListVorderHVOAction</clazz>
  </action>
  <action>
    <name>vehicle.vorder.DeleteVorderHVOAction</name>
    <label>删除动作</label>
    <clazz>nccloud.web.vehicle.vorder.vorderhvo.action.DeleteVorderHVOAction</clazz>
  </action>
  <action>
    <name>vehicle.vorder.PFlowVorderHVOAction</name>
    <label>审批流action（包括提交、收回）</label>
    <clazz>nccloud.web.vehicle.vorder.vorderhvo.action.PFlowVorderHVOAction</clazz>
  </action>
  <action>
    <name>vehicle.vorder.VorderHVODefaultGridRefAction</name>
    <label>默认表型参照（非档案特性生成）</label>
    <clazz>nccloud.web.vehicle.vorder.vorderhvo.action.VorderHVODefaultGridRefAction</clazz>
  </action>
  <action>
    <name>vehicle.vorder.AddVorderHVOAction</name>
    <label>新增动作</label>
    <clazz>nccloud.web.vehicle.vorder.vorderhvo.action.AddVorderHVOAction</clazz>
  </action>
</actions>